killed_by;killer_name;killer_placement;killer_position_x;killer_position_y;map;match_id;time;victim_name;victim_placement;victim_position_x;victim_position_y
Grenade;KrazyPortuguese;5.0;657725.1;146275.2;MIRAMAR;2U4GBNA0YmnLSqvEycnTjo-KT000vfUnhSA2vfVhVPe1QBwCTNTBJ5B_1Ocel6nY;823;KrazyPortuguese;5.0;657725.1;146275.2
SCAR-L;nide2Bxiaojiejie;31.0;93091.37;722236.4;MIRAMAR;2U4GBNA0YmnLSqvEycnTjo-KT000vfUnhSA2vfVhVPe1QBwCTNTBJ5B_1Ocel6nY;194;X3evolution;33.0;92238.68;723375.1
S686;Ascholes;43.0;366921.4;421623.9;MIRAMAR;2U4GBNA0YmnLSqvEycnTjo-KT000vfUnhSA2vfVhVPe1QBwCTNTBJ5B_1Ocel6nY;103;CtrlZee;46.0;367304.5;421216.1
Down and Out;Weirdo7777;9.0;472014.2;313274.8;MIRAMAR;2U4GBNA0YmnLSqvEycnTjo-KT000vfUnhSA2vfVhVPe1QBwCTNTBJ5B_1Ocel6nY;1018;BlackDpre;13.0;476645.9;316758.4
M416;Solayuki1;9.0;473357.8;318340.5;MIRAMAR;2U4GBNA0YmnLSqvEycnTjo-KT000vfUnhSA2vfVhVPe1QBwCTNTBJ5B_1Ocel6nY;1018;Vjolt;13.0;473588.5;318418.8
Punch;xuezhiqian717;26.0;721944.4;359575.3;MIRAMAR;2U4GBNA0YmnLSqvEycnTjo-KT000vfUnhSA2vfVhVPe1QBwCTNTBJ5B_1Ocel6nY;123;PurplePenguin9;47.0;0.0;0.0
AKM;pdfjkkvjk;12.0;376333.8;317858.9;MIRAMAR;2U4GBNA0YmnLSqvEycnTjo-KT000vfUnhSA2vfVhVPe1QBwCTNTBJ5B_1Ocel6nY;886;JoeyJoeman;15.0;372808.3;297124.2
S686;xiaogao13;27.0;373125.3;433540.6;MIRAMAR;2U4GBNA0YmnLSqvEycnTjo-KT000vfUnhSA2vfVhVPe1QBwCTNTBJ5B_1Ocel6nY;137;BNOISE;38.0;373125.8;433608.8
S686;Jingchita;40.0;370990.6;424074.5;MIRAMAR;2U4GBNA0YmnLSqvEycnTjo-KT000vfUnhSA2vfVhVPe1QBwCTNTBJ5B_1Ocel6nY;89;OmGiTzPauly;47.0;370761.1;423662.1
AKM;Alexande-999;25.0;368799.3;420810.2;MIRAMAR;2U4GBNA0YmnLSqvEycnTjo-KT000vfUnhSA2vfVhVPe1QBwCTNTBJ5B_1Ocel6nY;117;Ascholes;43.0;368015.0;421322.6
Punch;NameLessisME;8.0;434351.8;278681.6;MIRAMAR;2U4GBNA0YmnLSqvEycnTjo-KT000vfUnhSA2vfVhVPe1QBwCTNTBJ5B_1Ocel6nY;165;Haten-Gu;28.0;434383.5;278608.1
P92;Daerljgodi;20.0;365983.6;439563.8;MIRAMAR;2U4GBNA0YmnLSqvEycnTjo-KT000vfUnhSA2vfVhVPe1QBwCTNTBJ5B_1Ocel6nY;111;BigBeefyy;38.0;366246.5;439890.6
S686;JoyFeng-;3.0;363435.6;423069.7;MIRAMAR;2U4GBNA0YmnLSqvEycnTjo-KT000vfUnhSA2vfVhVPe1QBwCTNTBJ5B_1Ocel6nY;406;WalrusInHeat;23.0;363666.7;423256.1
M416;NameLessisME;8.0;374980.3;293019.5;MIRAMAR;2U4GBNA0YmnLSqvEycnTjo-KT000vfUnhSA2vfVhVPe1QBwCTNTBJ5B_1Ocel6nY;883;Dinostoned;15.0;375053.3;293151.7
Down and Out;UrGrandFather;14.0;535680.8;368517.3;MIRAMAR;2U4GBNA0YmnLSqvEycnTjo-KT000vfUnhSA2vfVhVPe1QBwCTNTBJ5B_1Ocel6nY;751;Pis22;;533947.6;366812.6
Punch;xuezhiqian717;26.0;725042.3;361510.1;MIRAMAR;2U4GBNA0YmnLSqvEycnTjo-KT000vfUnhSA2vfVhVPe1QBwCTNTBJ5B_1Ocel6nY;139;patrickmoneyy;47.0;0.0;0.0
Win94;FantasticBoys;2.0;384599.4;437149.5;MIRAMAR;2U4GBNA0YmnLSqvEycnTjo-KT000vfUnhSA2vfVhVPe1QBwCTNTBJ5B_1Ocel6nY;127;ImSoPhamcy;42.0;383677.7;443822.2
M416;PPPIGFEET;26.0;363133.9;430829.4;MIRAMAR;2U4GBNA0YmnLSqvEycnTjo-KT000vfUnhSA2vfVhVPe1QBwCTNTBJ5B_1Ocel6nY;229;Northidaho;30.0;363109.9;430999.2
M16A4;EnGliSh22;5.0;582324.7;251006.2;MIRAMAR;2U4GBNA0YmnLSqvEycnTjo-KT000vfUnhSA2vfVhVPe1QBwCTNTBJ5B_1Ocel6nY;1181;BuckFutt22;11.0;584332.7;252824.0
S12K;Bookinga;44.0;371186.5;423791.3;MIRAMAR;2U4GBNA0YmnLSqvEycnTjo-KT000vfUnhSA2vfVhVPe1QBwCTNTBJ5B_1Ocel6nY;97;BergerBoi;47.0;371092.2;423650.7
Hit by Car;EnGliSh22;5.0;585668.6;255305.8;MIRAMAR;2U4GBNA0YmnLSqvEycnTjo-KT000vfUnhSA2vfVhVPe1QBwCTNTBJ5B_1Ocel6nY;1168;DjmikeC25;11.0;585531.9;254955.9
S686;AbelZz;40.0;369312.9;423919.6;MIRAMAR;2U4GBNA0YmnLSqvEycnTjo-KT000vfUnhSA2vfVhVPe1QBwCTNTBJ5B_1Ocel6nY;105;Bookinga;44.0;370673.2;423840.2
death.WeapSawnoff_C;WuGangFeng;27.0;367909.7;429321.3;MIRAMAR;2U4GBNA0YmnLSqvEycnTjo-KT000vfUnhSA2vfVhVPe1QBwCTNTBJ5B_1Ocel6nY;248;Thee_Milk_Man;23.0;367964.2;429490.9
Kar98k;DouYuTV-SeaL;1.0;537062.8;262886.5;MIRAMAR;2U4GBNA0YmnLSqvEycnTjo-KT000vfUnhSA2vfVhVPe1QBwCTNTBJ5B_1Ocel6nY;1339;ZachOnTitan;7.0;531516.6;261727.1
Kar98k;Summertime333;10.0;523742.6;358413.7;MIRAMAR;2U4GBNA0YmnLSqvEycnTjo-KT000vfUnhSA2vfVhVPe1QBwCTNTBJ5B_1Ocel6nY;935;UrGrandFather;14.0;539250.9;369010.5
M416;DouYuTV-SeaL;1.0;537040.3;262955.1;MIRAMAR;2U4GBNA0YmnLSqvEycnTjo-KT000vfUnhSA2vfVhVPe1QBwCTNTBJ5B_1Ocel6nY;1467;Reesman22;7.0;531858.7;259386.2
M16A4;zhuyi1993;29.0;432964.9;552600.4;MIRAMAR;2U4GBNA0YmnLSqvEycnTjo-KT000vfUnhSA2vfVhVPe1QBwCTNTBJ5B_1Ocel6nY;183;A_Araujo;34.0;433768.5;549469.6
Punch;nide2Bxiaojiejie;31.0;85697.73;711625.3;MIRAMAR;2U4GBNA0YmnLSqvEycnTjo-KT000vfUnhSA2vfVhVPe1QBwCTNTBJ5B_1Ocel6nY;158;KCannon98;33.0;85646.66;711693.0
Down and Out;WellSuited;35.0;380787.1;445621.9;MIRAMAR;2U4GBNA0YmnLSqvEycnTjo-KT000vfUnhSA2vfVhVPe1QBwCTNTBJ5B_1Ocel6nY;127;Ninjakirby;42.0;383263.8;444835.7
Kar98k;DouYuTV-SeaL;1.0;566307.3;267828.0;MIRAMAR;2U4GBNA0YmnLSqvEycnTjo-KT000vfUnhSA2vfVhVPe1QBwCTNTBJ5B_1Ocel6nY;1609;EnGliSh22;5.0;581870.3;262490.8
Tommy Gun;zhuyi1993;29.0;432354.2;552524.8;MIRAMAR;2U4GBNA0YmnLSqvEycnTjo-KT000vfUnhSA2vfVhVPe1QBwCTNTBJ5B_1Ocel6nY;175;HKR-iNexxT;34.0;432617.8;552224.6
SCAR-L;TONGLIANGZHI;10.0;533994.9;367667.9;MIRAMAR;2U4GBNA0YmnLSqvEycnTjo-KT000vfUnhSA2vfVhVPe1QBwCTNTBJ5B_1Ocel6nY;986;Piece_of_Sht;14.0;534734.3;366406.6
Down and Out;LowGe;3.0;367694.3;421260.3;MIRAMAR;2U4GBNA0YmnLSqvEycnTjo-KT000vfUnhSA2vfVhVPe1QBwCTNTBJ5B_1Ocel6nY;357;PPPIGFEET;26.0;363426.0;420061.2
S1897;Corleone_Wu;1.0;470378.2;363769.2;MIRAMAR;2U4GBNA0YmnLSqvEycnTjo-KT000vfUnhSA2vfVhVPe1QBwCTNTBJ5B_1Ocel6nY;368;china_lml520ad;24.0;469077.3;364668.5
AKM;g0f55;25.0;368738.8;417488.9;MIRAMAR;2U4GBNA0YmnLSqvEycnTjo-KT000vfUnhSA2vfVhVPe1QBwCTNTBJ5B_1Ocel6nY;357;jinze;26.0;368821.4;417726.5
Down and Out;TONGLIANGZHI;10.0;471184.8;359439.6;MIRAMAR;2U4GBNA0YmnLSqvEycnTjo-KT000vfUnhSA2vfVhVPe1QBwCTNTBJ5B_1Ocel6nY;644;Corleone_Wu;;470963.8;354800.2
Grenade;TONGLIANGZHI;10.0;471265.5;359205.4;MIRAMAR;2U4GBNA0YmnLSqvEycnTjo-KT000vfUnhSA2vfVhVPe1QBwCTNTBJ5B_1Ocel6nY;642;SAOZISHUIZHENDUO;;471033.0;354114.8
S686;NET_MANHDUNG2;1.0;366106.7;438907.3;MIRAMAR;2U4GBNA0YmnLSqvEycnTjo-KT000vfUnhSA2vfVhVPe1QBwCTNTBJ5B_1Ocel6nY;411;HandsomeBi;22.0;366301.9;438846.4
Bluezone;IdiotWHJ;6.0;557525.2;304430.7;MIRAMAR;2U4GBNA0YmnLSqvEycnTjo-KT000vfUnhSA2vfVhVPe1QBwCTNTBJ5B_1Ocel6nY;1518;FantasticBoys;2.0;551213.4;319105.2
Down and Out;AbelZz;40.0;369005.9;424291.5;MIRAMAR;2U4GBNA0YmnLSqvEycnTjo-KT000vfUnhSA2vfVhVPe1QBwCTNTBJ5B_1Ocel6nY;103;1000level;45.0;367875.0;424299.3
M16A4;NET_MANHDUNG2;1.0;365733.5;440216.9;MIRAMAR;2U4GBNA0YmnLSqvEycnTjo-KT000vfUnhSA2vfVhVPe1QBwCTNTBJ5B_1Ocel6nY;443;FreshMelonBalls;22.0;366082.4;440142.2
SCAR-L;Piece_of_Sht;14.0;535224.7;364994.1;MIRAMAR;2U4GBNA0YmnLSqvEycnTjo-KT000vfUnhSA2vfVhVPe1QBwCTNTBJ5B_1Ocel6nY;654;LuToRious;18.0;534702.3;364259.2
SCAR-L;UrGrandFather;14.0;534154.8;369219.3;MIRAMAR;2U4GBNA0YmnLSqvEycnTjo-KT000vfUnhSA2vfVhVPe1QBwCTNTBJ5B_1Ocel6nY;610;SuccMeOffSki;18.0;534507.9;365915.0
M416;LowGe;3.0;368297.1;421150.7;MIRAMAR;2U4GBNA0YmnLSqvEycnTjo-KT000vfUnhSA2vfVhVPe1QBwCTNTBJ5B_1Ocel6nY;361;g0f55;25.0;367489.0;416852.1
Bluezone;;;;;MIRAMAR;2U4GBNA0YmnLSqvEycnTjo-KT000vfUnhSA2vfVhVPe1QBwCTNTBJ5B_1Ocel6nY;879;xuezhiqian717;26.0;0.0;0.0
S686;Ascholes;43.0;367649.3;421192.5;MIRAMAR;2U4GBNA0YmnLSqvEycnTjo-KT000vfUnhSA2vfVhVPe1QBwCTNTBJ5B_1Ocel6nY;96;NorthernGriz;46.0;368288.5;421208.9
M416;DouYuTV-SeaL;1.0;567049.2;290710.9;MIRAMAR;2U4GBNA0YmnLSqvEycnTjo-KT000vfUnhSA2vfVhVPe1QBwCTNTBJ5B_1Ocel6nY;1966;TedHQW;2.0;564992.1;290137.1
M416;98888888kK;7.0;570506.3;300499.4;MIRAMAR;2U4GBNA0YmnLSqvEycnTjo-KT000vfUnhSA2vfVhVPe1QBwCTNTBJ5B_1Ocel6nY;1560;IdiotWHJ;6.0;562046.8;303647.0
Win94;WalrusInHeat;23.0;367829.1;429801.6;MIRAMAR;2U4GBNA0YmnLSqvEycnTjo-KT000vfUnhSA2vfVhVPe1QBwCTNTBJ5B_1Ocel6nY;211;Sugar_Booger423;32.0;369624.7;434335.9
Down and Out;JoyFeng-;3.0;366462.9;423587.8;MIRAMAR;2U4GBNA0YmnLSqvEycnTjo-KT000vfUnhSA2vfVhVPe1QBwCTNTBJ5B_1Ocel6nY;199;NoParkingHere;30.0;364521.4;424906.5
Down and Out;ImSoPhamcy;42.0;383678.6;444768.1;MIRAMAR;2U4GBNA0YmnLSqvEycnTjo-KT000vfUnhSA2vfVhVPe1QBwCTNTBJ5B_1Ocel6nY;144;heavychevyz7197;35.0;383871.9;444276.9
S686;LowGe;3.0;371549.9;423493.3;MIRAMAR;2U4GBNA0YmnLSqvEycnTjo-KT000vfUnhSA2vfVhVPe1QBwCTNTBJ5B_1Ocel6nY;103;SADEX;45.0;371355.5;423288.6
SCAR-L;FantasticBoys;2.0;526263.6;345763.2;MIRAMAR;2U4GBNA0YmnLSqvEycnTjo-KT000vfUnhSA2vfVhVPe1QBwCTNTBJ5B_1Ocel6nY;1244;Solayuki1;9.0;527243.9;346417.4
Punch;xuezhiqian717;26.0;725012.6;361189.7;MIRAMAR;2U4GBNA0YmnLSqvEycnTjo-KT000vfUnhSA2vfVhVPe1QBwCTNTBJ5B_1Ocel6nY;134;xXtentacionXx;47.0;0.0;0.0
AKM;Alexande-999;25.0;361569.7;419730.0;MIRAMAR;2U4GBNA0YmnLSqvEycnTjo-KT000vfUnhSA2vfVhVPe1QBwCTNTBJ5B_1Ocel6nY;167;Newblacen;36.0;361278.9;419166.9
Grenade;MeLeeXH;1.0;568047.1;288962.2;MIRAMAR;2U4GBNA0YmnLSqvEycnTjo-KT000vfUnhSA2vfVhVPe1QBwCTNTBJ5B_1Ocel6nY;1944;LowGe;3.0;567814.8;294379.8
Down and Out;TedHQW;2.0;559462.1;313402.6;MIRAMAR;2U4GBNA0YmnLSqvEycnTjo-KT000vfUnhSA2vfVhVPe1QBwCTNTBJ5B_1Ocel6nY;1539;Kroy2005;6.0;561293.3;306626.6
Grenade;nide2Bxiaojiejie;31.0;90925.14;722112.9;MIRAMAR;2U4GBNA0YmnLSqvEycnTjo-KT000vfUnhSA2vfVhVPe1QBwCTNTBJ5B_1Ocel6nY;215;nide2Bxiaojiejie;31.0;90925.14;722112.9
Micro UZI;NoParkingHere;30.0;366649.1;424968.1;MIRAMAR;2U4GBNA0YmnLSqvEycnTjo-KT000vfUnhSA2vfVhVPe1QBwCTNTBJ5B_1Ocel6nY;102;Dszs;44.0;366968.4;425042.9
M16A4;NET_MANHDUNG2;1.0;376429.3;434734.8;MIRAMAR;2U4GBNA0YmnLSqvEycnTjo-KT000vfUnhSA2vfVhVPe1QBwCTNTBJ5B_1Ocel6nY;131;Sichuanxlg;41.0;376344.8;434978.8
M16A4;TedHQW;2.0;524288.7;346538.5;MIRAMAR;2U4GBNA0YmnLSqvEycnTjo-KT000vfUnhSA2vfVhVPe1QBwCTNTBJ5B_1Ocel6nY;1244;Weirdo7777;9.0;526412.1;346504.1
S12K;Hcl211;8.0;438757.9;280729.9;MIRAMAR;2U4GBNA0YmnLSqvEycnTjo-KT000vfUnhSA2vfVhVPe1QBwCTNTBJ5B_1Ocel6nY;235;SBSB123;28.0;439254.2;280726.3
Down and Out;NameLessisME;8.0;375099.8;292415.2;MIRAMAR;2U4GBNA0YmnLSqvEycnTjo-KT000vfUnhSA2vfVhVPe1QBwCTNTBJ5B_1Ocel6nY;1010;Hcl211;8.0;375254.8;292389.7
S686;xiaogao13;27.0;373104.3;433791.3;MIRAMAR;2U4GBNA0YmnLSqvEycnTjo-KT000vfUnhSA2vfVhVPe1QBwCTNTBJ5B_1Ocel6nY;126;dinkeing;41.0;373038.9;433880.9
Tommy Gun;TedHQW;2.0;383953.1;444024.6;MIRAMAR;2U4GBNA0YmnLSqvEycnTjo-KT000vfUnhSA2vfVhVPe1QBwCTNTBJ5B_1Ocel6nY;170;WellSuited;35.0;383583.5;444753.6
M416;JoyFeng-;3.0;362688.8;434332.5;MIRAMAR;2U4GBNA0YmnLSqvEycnTjo-KT000vfUnhSA2vfVhVPe1QBwCTNTBJ5B_1Ocel6nY;552;NET_MANHDUNG2;;362263.2;434470.6
Punch;X3evolution;33.0;86343.59;708670.1;MIRAMAR;2U4GBNA0YmnLSqvEycnTjo-KT000vfUnhSA2vfVhVPe1QBwCTNTBJ5B_1Ocel6nY;125;34DTrueDamage;31.0;86358.76;708756.7
SCAR-L;IdiotWHJ;6.0;498826.8;308124.3;MIRAMAR;2U4GBNA0YmnLSqvEycnTjo-KT000vfUnhSA2vfVhVPe1QBwCTNTBJ5B_1Ocel6nY;1263;NameLessisME;8.0;501133.5;308250.4
P1911;Sugar_Booger423;32.0;372348.2;432944.2;MIRAMAR;2U4GBNA0YmnLSqvEycnTjo-KT000vfUnhSA2vfVhVPe1QBwCTNTBJ5B_1Ocel6nY;164;xiaogao13;27.0;372473.6;433406.3
Down and Out;JoyFeng-;3.0;362936.8;434318.4;MIRAMAR;2U4GBNA0YmnLSqvEycnTjo-KT000vfUnhSA2vfVhVPe1QBwCTNTBJ5B_1Ocel6nY;553;Games_414_TQ1;;362179.2;436248.2
AKM;Alexande-999;25.0;369184.6;421062.2;MIRAMAR;2U4GBNA0YmnLSqvEycnTjo-KT000vfUnhSA2vfVhVPe1QBwCTNTBJ5B_1Ocel6nY;113;MoNKeY203tG;43.0;368332.0;421274.5
Down and Out;FantasticBoys;2.0;524989.9;346106.9;MIRAMAR;2U4GBNA0YmnLSqvEycnTjo-KT000vfUnhSA2vfVhVPe1QBwCTNTBJ5B_1Ocel6nY;1201;TONGLIANGZHI;10.0;525671.5;345720.4
Down and Out;SAOZISHUIZHENDUO;1.0;473679.1;353759.8;MIRAMAR;2U4GBNA0YmnLSqvEycnTjo-KT000vfUnhSA2vfVhVPe1QBwCTNTBJ5B_1Ocel6nY;565;LittleMoustache;20.0;471807.5;356858.3
Down and Out;jinze;26.0;368875.8;417772.6;MIRAMAR;2U4GBNA0YmnLSqvEycnTjo-KT000vfUnhSA2vfVhVPe1QBwCTNTBJ5B_1Ocel6nY;361;Alexande-999;25.0;366831.8;416067.8
Tommy Gun;SAOZISHUIZHENDUO;1.0;471470.9;354985.2;MIRAMAR;2U4GBNA0YmnLSqvEycnTjo-KT000vfUnhSA2vfVhVPe1QBwCTNTBJ5B_1Ocel6nY;612;Daerljgodi;20.0;470767.8;356513.6
Down and Out;LowGe;3.0;371343.4;424315.8;MIRAMAR;2U4GBNA0YmnLSqvEycnTjo-KT000vfUnhSA2vfVhVPe1QBwCTNTBJ5B_1Ocel6nY;134;Jingchita;40.0;371384.0;423285.3
Bluezone;;;;;MIRAMAR;2U4GBNA0YmnLSqvEycnTjo-KT000vfUnhSA2vfVhVPe1QBwCTNTBJ5B_1Ocel6nY;1646;zd1994925;7.0;0.0;0.0
SCAR-L;Piece_of_Sht;14.0;535194.3;365380.0;MIRAMAR;2U4GBNA0YmnLSqvEycnTjo-KT000vfUnhSA2vfVhVPe1QBwCTNTBJ5B_1Ocel6nY;749;chenpan007;;533893.9;367672.1
Down and Out;;;;;MIRAMAR;2U4GBNA0YmnLSqvEycnTjo-KT000vfUnhSA2vfVhVPe1QBwCTNTBJ5B_1Ocel6nY;879;WOJIAOLIGUAPI;26.0;0.0;0.0
Win94;WalrusInHeat;23.0;367716.3;428741.8;MIRAMAR;2U4GBNA0YmnLSqvEycnTjo-KT000vfUnhSA2vfVhVPe1QBwCTNTBJ5B_1Ocel6nY;256;WuGangFeng;27.0;367762.2;428378.7
Win94;WalrusInHeat;23.0;369959.9;429490.2;MIRAMAR;2U4GBNA0YmnLSqvEycnTjo-KT000vfUnhSA2vfVhVPe1QBwCTNTBJ5B_1Ocel6nY;163;lzuizhengui0818;32.0;370580.2;433197.6
M416;LowGe;3.0;371510.2;424321.2;MIRAMAR;2U4GBNA0YmnLSqvEycnTjo-KT000vfUnhSA2vfVhVPe1QBwCTNTBJ5B_1Ocel6nY;134;AbelZz;40.0;367633.6;424287.7
SCAR-L;TONGLIANGZHI;10.0;432329.8;550157.1;MIRAMAR;2U4GBNA0YmnLSqvEycnTjo-KT000vfUnhSA2vfVhVPe1QBwCTNTBJ5B_1Ocel6nY;232;ZZTYSR;29.0;433296.1;550911.6
Down and Out;Summertime333;10.0;433042.9;549550.9;MIRAMAR;2U4GBNA0YmnLSqvEycnTjo-KT000vfUnhSA2vfVhVPe1QBwCTNTBJ5B_1Ocel6nY;232;zhuyi1993;29.0;433620.3;549917.4
M416;JoyFeng-;3.0;571932.8;299159.9;MIRAMAR;2U4GBNA0YmnLSqvEycnTjo-KT000vfUnhSA2vfVhVPe1QBwCTNTBJ5B_1Ocel6nY;1628;98888888kK;7.0;567754.1;290418.5
Down and Out;NoParkingHere;30.0;364521.4;424906.5;MIRAMAR;2U4GBNA0YmnLSqvEycnTjo-KT000vfUnhSA2vfVhVPe1QBwCTNTBJ5B_1Ocel6nY;167;Unity_Yi;36.0;362560.2;426152.6
SCAR-L;FantasticBoys;2.0;524538.4;345883.6;MIRAMAR;2U4GBNA0YmnLSqvEycnTjo-KT000vfUnhSA2vfVhVPe1QBwCTNTBJ5B_1Ocel6nY;1201;Summertime333;10.0;525804.8;345527.0
M416;DouYuTV-SeaL;1.0;566927.6;290606.1;MIRAMAR;2U4GBNA0YmnLSqvEycnTjo-KT000vfUnhSA2vfVhVPe1QBwCTNTBJ5B_1Ocel6nY;1905;JoyFeng-;3.0;568948.1;293965.7
SKS;Reesman22;7.0;421914.3;276550.0;MIRAMAR;2U4GBNA0YmnLSqvEycnTjo-KT000vfUnhSA2vfVhVPe1QBwCTNTBJ5B_1Ocel6nY;1083;pdfjkkvjk;12.0;408728.8;293670.3
Down and Out;Corleone_Wu;1.0;470438.2;363857.9;MIRAMAR;2U4GBNA0YmnLSqvEycnTjo-KT000vfUnhSA2vfVhVPe1QBwCTNTBJ5B_1Ocel6nY;368;Facktk;24.0;467847.4;363854.5
Mini 14;651651646;1.0;400426.8;280825.2;MIRAMAR;2U4GBNA0Yml3HEnAb5HSfMbBgZnnKeFS1Nyxgm5XowlAkEtb1WUYEdfEOe_bXvR0;234;minchusky;27.0;345627.3;289896.6
Punch;leizong725;5.0;161887.5;747933.5;MIRAMAR;2U4GBNA0Yml3HEnAb5HSfMbBgZnnKeFS1Nyxgm5XowlAkEtb1WUYEdfEOe_bXvR0;148;3ssteel;27.0;0.0;0.0
Down and Out;651651646;1.0;393598.3;289132.6;MIRAMAR;2U4GBNA0Yml3HEnAb5HSfMbBgZnnKeFS1Nyxgm5XowlAkEtb1WUYEdfEOe_bXvR0;235;NewStar_zsp;27.0;346469.4;273841.8
Mini 14;651651646;1.0;439798.3;277661.3;MIRAMAR;2U4GBNA0Yml3HEnAb5HSfMbBgZnnKeFS1Nyxgm5XowlAkEtb1WUYEdfEOe_bXvR0;467;LimeFlavoredMoon;4.0;440535.9;361644.9
Mk14;651651646;1.0;371308.4;345270.2;MIRAMAR;2U4GBNA0Yml3HEnAb5HSfMbBgZnnKeFS1Nyxgm5XowlAkEtb1WUYEdfEOe_bXvR0;1150;Stringkata;4.0;441172.0;277942.2
Mk14;651651646;1.0;369773.2;345845.1;MIRAMAR;2U4GBNA0Yml3HEnAb5HSfMbBgZnnKeFS1Nyxgm5XowlAkEtb1WUYEdfEOe_bXvR0;1144;ChapChap;4.0;441009.8;279617.3
Mk14;651651646;1.0;359157.2;347636.5;MIRAMAR;2U4GBNA0Yml3HEnAb5HSfMbBgZnnKeFS1Nyxgm5XowlAkEtb1WUYEdfEOe_bXvR0;1104;xc520jay;6.0;383750.6;443534.8
Down and Out;#unknown;24.0;437877.2;280759.4;MIRAMAR;2U4GBNA0Yml3HEnAb5HSfMbBgZnnKeFS1Nyxgm5XowlAkEtb1WUYEdfEOe_bXvR0;178;SylarBreak;23.0;438569.2;280818.5
S1897;yueliandiyi;1.0;435974.8;276332.6;MIRAMAR;2U4GBNA0Yml3HEnAb5HSfMbBgZnnKeFS1Nyxgm5XowlAkEtb1WUYEdfEOe_bXvR0;209;BestNup;22.0;436138.7;276787.3
SKS;QuY-BeO---;22.0;436131.1;280898.6;MIRAMAR;2U4GBNA0Yml3HEnAb5HSfMbBgZnnKeFS1Nyxgm5XowlAkEtb1WUYEdfEOe_bXvR0;84;foreverann;23.0;435692.5;280670.9
Down and Out;SuperViolent;12.0;434142.2;199237.8;MIRAMAR;2U4GBNA0Yml3HEnAb5HSfMbBgZnnKeFS1Nyxgm5XowlAkEtb1WUYEdfEOe_bXvR0;208;ReiYexia;27.0;433197.5;197663.3
Down and Out;651651646;1.0;367390.2;347038.8;MIRAMAR;2U4GBNA0Yml3HEnAb5HSfMbBgZnnKeFS1Nyxgm5XowlAkEtb1WUYEdfEOe_bXvR0;1135;Lancer_Sao;5.0;427673.1;352543.6
M16A4;SuperViolent;12.0;432922.6;196700.3;MIRAMAR;2U4GBNA0Yml3HEnAb5HSfMbBgZnnKeFS1Nyxgm5XowlAkEtb1WUYEdfEOe_bXvR0;133;#unknown;27.0;429166.3;178235.0
Down and Out;SuperViolent;12.0;411597.2;185951.4;MIRAMAR;2U4GBNA0Yml3HEnAb5HSfMbBgZnnKeFS1Nyxgm5XowlAkEtb1WUYEdfEOe_bXvR0;331;Rockaiccc;18.0;404446.3;193964.0
Down and Out;651651646;1.0;381075.3;280834.7;MIRAMAR;2U4GBNA0Yml3HEnAb5HSfMbBgZnnKeFS1Nyxgm5XowlAkEtb1WUYEdfEOe_bXvR0;780;#unknown;12.0;407802.8;246489.0
Down and Out;MrNhac;8.0;364596.8;432954.5;MIRAMAR;2U4GBNA0Yml3HEnAb5HSfMbBgZnnKeFS1Nyxgm5XowlAkEtb1WUYEdfEOe_bXvR0;884;ZhanShen-BaiWan;10.0;366670.6;424545.8
Kar98k;651651646;1.0;421409.5;284009.0;MIRAMAR;2U4GBNA0Yml3HEnAb5HSfMbBgZnnKeFS1Nyxgm5XowlAkEtb1WUYEdfEOe_bXvR0;651;GoldLee;12.0;363693.6;269831.2
Down and Out;Limbo_Yamato;8.0;370979.8;428151.0;MIRAMAR;2U4GBNA0Yml3HEnAb5HSfMbBgZnnKeFS1Nyxgm5XowlAkEtb1WUYEdfEOe_bXvR0;884;chinaanyi;10.0;361221.8;425819.3
Kar98k;651651646;1.0;434681.4;281067.1;MIRAMAR;2U4GBNA0Yml3HEnAb5HSfMbBgZnnKeFS1Nyxgm5XowlAkEtb1WUYEdfEOe_bXvR0;600;PiPiGoat;12.0;367543.2;249424.8
AKM;MrNhac;8.0;375674.3;444623.1;MIRAMAR;2U4GBNA0Yml3HEnAb5HSfMbBgZnnKeFS1Nyxgm5XowlAkEtb1WUYEdfEOe_bXvR0;527;xiao-MMM;14.0;365746.3;440418.2
Down and Out;SuperViolent;12.0;399952.0;179802.0;MIRAMAR;2U4GBNA0Yml3HEnAb5HSfMbBgZnnKeFS1Nyxgm5XowlAkEtb1WUYEdfEOe_bXvR0;331;#unknown;18.0;402157.0;188203.3
Win94;#unknown;11.0;315037.2;357087.6;MIRAMAR;2U4GBNA0Yml3HEnAb5HSfMbBgZnnKeFS1Nyxgm5XowlAkEtb1WUYEdfEOe_bXvR0;415;#unknown;11.0;315037.2;357087.6
Down and Out;#unknown;12.0;431792.8;184813.7;MIRAMAR;2U4GBNA0Yml3HEnAb5HSfMbBgZnnKeFS1Nyxgm5XowlAkEtb1WUYEdfEOe_bXvR0;133;#unknown;27.0;431640.2;185447.0
Win94;duongpc;8.0;376656.4;433869.2;MIRAMAR;2U4GBNA0Yml3HEnAb5HSfMbBgZnnKeFS1Nyxgm5XowlAkEtb1WUYEdfEOe_bXvR0;293;WDXYJ;19.0;378991.8;445584.5
AKM;SylarBreak;23.0;438738.1;280966.6;MIRAMAR;2U4GBNA0Yml3HEnAb5HSfMbBgZnnKeFS1Nyxgm5XowlAkEtb1WUYEdfEOe_bXvR0;121;MountainMo;20.0;439108.5;280929.3
Down and Out;651651646;1.0;398383.3;280131.0;MIRAMAR;2U4GBNA0Yml3HEnAb5HSfMbBgZnnKeFS1Nyxgm5XowlAkEtb1WUYEdfEOe_bXvR0;268;#unknown;20.0;432857.9;278070.8
Falling;;;;;MIRAMAR;2U4GBNA0Yml3HEnAb5HSfMbBgZnnKeFS1Nyxgm5XowlAkEtb1WUYEdfEOe_bXvR0;864;#unknown;11.0;308988.8;397375.0
AKM;#unknown;11.0;314694.8;357176.9;MIRAMAR;2U4GBNA0Yml3HEnAb5HSfMbBgZnnKeFS1Nyxgm5XowlAkEtb1WUYEdfEOe_bXvR0;618;#unknown;11.0;314933.5;357130.6
Win94;#unknown;11.0;314835.7;357184.0;MIRAMAR;2U4GBNA0Yml3HEnAb5HSfMbBgZnnKeFS1Nyxgm5XowlAkEtb1WUYEdfEOe_bXvR0;562;#unknown;11.0;314902.3;357083.8
Grenade;#unknown;3.0;510511.3;426254.8;MIRAMAR;2U4GBNA0Yml3HEnAb5HSfMbBgZnnKeFS1Nyxgm5XowlAkEtb1WUYEdfEOe_bXvR0;1197;#unknown;3.0;510892.3;426137.0
Grenade;#unknown;3.0;510511.3;426254.8;MIRAMAR;2U4GBNA0Yml3HEnAb5HSfMbBgZnnKeFS1Nyxgm5XowlAkEtb1WUYEdfEOe_bXvR0;1198;#unknown;3.0;510511.3;426254.8
M416;#unknown;20.0;436263.6;281389.4;MIRAMAR;2U4GBNA0Yml3HEnAb5HSfMbBgZnnKeFS1Nyxgm5XowlAkEtb1WUYEdfEOe_bXvR0;112;ANDWERCC;24.0;436283.3;281157.0
Mk14;651651646;1.0;349797.6;343848.1;MIRAMAR;2U4GBNA0Yml3HEnAb5HSfMbBgZnnKeFS1Nyxgm5XowlAkEtb1WUYEdfEOe_bXvR0;1054;Limbo_Yamato;8.0;370250.8;428695.5
Down and Out;651651646;1.0;349380.6;327626.6;MIRAMAR;2U4GBNA0Yml3HEnAb5HSfMbBgZnnKeFS1Nyxgm5XowlAkEtb1WUYEdfEOe_bXvR0;1021;H-Sii;8.0;366575.8;424470.9
S1897;PiPiGoat;12.0;423685.9;187566.7;MIRAMAR;2U4GBNA0Yml3HEnAb5HSfMbBgZnnKeFS1Nyxgm5XowlAkEtb1WUYEdfEOe_bXvR0;133;laoyumiPTQ;27.0;424296.1;187408.5
Down and Out;651651646;1.0;348903.1;332489.3;MIRAMAR;2U4GBNA0Yml3HEnAb5HSfMbBgZnnKeFS1Nyxgm5XowlAkEtb1WUYEdfEOe_bXvR0;1054;duongpc;8.0;370948.3;426918.9
SCAR-L;#unknown;12.0;408406.3;181823.0;MIRAMAR;2U4GBNA0Yml3HEnAb5HSfMbBgZnnKeFS1Nyxgm5XowlAkEtb1WUYEdfEOe_bXvR0;331;196pay;18.0;403565.2;194126.5
UMP9;a7-Gg;23.0;439117.9;279917.2;MIRAMAR;2U4GBNA0Yml3HEnAb5HSfMbBgZnnKeFS1Nyxgm5XowlAkEtb1WUYEdfEOe_bXvR0;112;Qingdaoizzz;25.0;439285.2;280126.5
Mini 14;651651646;1.0;356686.9;318206.2;MIRAMAR;2U4GBNA0Yml3HEnAb5HSfMbBgZnnKeFS1Nyxgm5XowlAkEtb1WUYEdfEOe_bXvR0;956;Kuang-Long;9.0;302778.0;388733.7
Kar98k;651651646;1.0;381091.5;280262.6;MIRAMAR;2U4GBNA0Yml3HEnAb5HSfMbBgZnnKeFS1Nyxgm5XowlAkEtb1WUYEdfEOe_bXvR0;780;SuperViolent;12.0;407818.1;249801.2
UMP9;ANDWERCC;24.0;435831.1;281338.4;MIRAMAR;2U4GBNA0Yml3HEnAb5HSfMbBgZnnKeFS1Nyxgm5XowlAkEtb1WUYEdfEOe_bXvR0;98;QuY-BeO---;22.0;435850.6;281199.5
Down and Out;651651646;1.0;369531.2;346066.6;MIRAMAR;2U4GBNA0Yml3HEnAb5HSfMbBgZnnKeFS1Nyxgm5XowlAkEtb1WUYEdfEOe_bXvR0;1150;Sojumoney;4.0;441372.2;278914.8
M416;#unknown;20.0;439105.6;281907.3;MIRAMAR;2U4GBNA0Yml3HEnAb5HSfMbBgZnnKeFS1Nyxgm5XowlAkEtb1WUYEdfEOe_bXvR0;143;LZ_110;25.0;437961.1;281811.8
S12K;lvmeng0816;17.0;428125.0;528350.6;MIRAMAR;2U4GBNA0Yml3HEnAb5HSfMbBgZnnKeFS1Nyxgm5XowlAkEtb1WUYEdfEOe_bXvR0;307;Dme2626;3.0;428281.9;528305.8
Down and Out;651651646;1.0;435051.1;277987.2;MIRAMAR;2U4GBNA0Yml3HEnAb5HSfMbBgZnnKeFS1Nyxgm5XowlAkEtb1WUYEdfEOe_bXvR0;392;ZETOUMAN;16.0;382624.2;294759.2
AKM;#unknown;20.0;433972.8;278884.8;MIRAMAR;2U4GBNA0Yml3HEnAb5HSfMbBgZnnKeFS1Nyxgm5XowlAkEtb1WUYEdfEOe_bXvR0;88;pocAKA;24.0;433841.8;278845.4
Mk14;651651646;1.0;408880.8;349960.4;MIRAMAR;2U4GBNA0Yml3HEnAb5HSfMbBgZnnKeFS1Nyxgm5XowlAkEtb1WUYEdfEOe_bXvR0;1229;gengxiansheng2;2.0;497402.4;338071.1
Mini 14;651651646;1.0;435055.3;278191.3;MIRAMAR;2U4GBNA0Yml3HEnAb5HSfMbBgZnnKeFS1Nyxgm5XowlAkEtb1WUYEdfEOe_bXvR0;379;1chijikuangmo4;16.0;387036.5;289082.6
M416;duongpc;8.0;361243.8;426482.8;MIRAMAR;2U4GBNA0Yml3HEnAb5HSfMbBgZnnKeFS1Nyxgm5XowlAkEtb1WUYEdfEOe_bXvR0;884;HuYa-BaiWan;10.0;360515.6;426484.0
Punch;Lance688;5.0;156519.9;748896.1;MIRAMAR;2U4GBNA0Yml3HEnAb5HSfMbBgZnnKeFS1Nyxgm5XowlAkEtb1WUYEdfEOe_bXvR0;131;#unknown;24.0;156584.9;748848.9
Mini 14;651651646;1.0;399748.9;280271.7;MIRAMAR;2U4GBNA0Yml3HEnAb5HSfMbBgZnnKeFS1Nyxgm5XowlAkEtb1WUYEdfEOe_bXvR0;268;#unknown;20.0;436077.3;277131.2
Down and Out;651651646;1.0;367694.1;347067.2;MIRAMAR;2U4GBNA0Yml3HEnAb5HSfMbBgZnnKeFS1Nyxgm5XowlAkEtb1WUYEdfEOe_bXvR0;1135;Lance688;5.0;428017.2;352709.7
M416;a7-Gg;23.0;438985.1;280929.2;MIRAMAR;2U4GBNA0Yml3HEnAb5HSfMbBgZnnKeFS1Nyxgm5XowlAkEtb1WUYEdfEOe_bXvR0;175;#unknown;24.0;438000.1;280768.4
Down and Out;#unknown;3.0;426597.6;527244.9;MIRAMAR;2U4GBNA0Yml3HEnAb5HSfMbBgZnnKeFS1Nyxgm5XowlAkEtb1WUYEdfEOe_bXvR0;337;lvmeng0816;17.0;427986.8;528003.4
Mini 14;651651646;1.0;399309.9;280001.3;MIRAMAR;2U4GBNA0Yml3HEnAb5HSfMbBgZnnKeFS1Nyxgm5XowlAkEtb1WUYEdfEOe_bXvR0;242;#unknown;16.0;364753.3;264299.8
Mini 14;651651646;1.0;357792.8;316386.8;MIRAMAR;2U4GBNA0Yml3HEnAb5HSfMbBgZnnKeFS1Nyxgm5XowlAkEtb1WUYEdfEOe_bXvR0;949;shanghun666;9.0;303033.2;388596.6
Mk14;651651646;1.0;349622.4;343851.6;MIRAMAR;2U4GBNA0Yml3HEnAb5HSfMbBgZnnKeFS1Nyxgm5XowlAkEtb1WUYEdfEOe_bXvR0;1057;zhoujiayii;7.0;306277.2;296357.3
Mk14;651651646;1.0;411564.1;350015.9;MIRAMAR;2U4GBNA0Yml3HEnAb5HSfMbBgZnnKeFS1Nyxgm5XowlAkEtb1WUYEdfEOe_bXvR0;1238;longhhfff;2.0;501248.5;335640.2
Mini 14;651651646;1.0;400426.8;280825.2;MIRAMAR;2U4GBNA0Yml3HEnAb5HSfMbBgZnnKeFS1Nyxgm5XowlAkEtb1WUYEdfEOe_bXvR0;235;zhazhahohoho;27.0;345621.2;289973.4
UMP9;huliruichiji;1.0;423457.1;284537.8;MIRAMAR;2U4GBNA0Yml3HEnAb5HSfMbBgZnnKeFS1Nyxgm5XowlAkEtb1WUYEdfEOe_bXvR0;102;LIULIANYEYE;25.0;423147.8;284534.5
M416;#unknown;20.0;436053.6;277356.8;MIRAMAR;2U4GBNA0Yml3HEnAb5HSfMbBgZnnKeFS1Nyxgm5XowlAkEtb1WUYEdfEOe_bXvR0;266;yueliandiyi;;435970.3;276158.9
AKM;#unknown;20.0;434207.5;278294.6;MIRAMAR;2U4GBNA0Yml3HEnAb5HSfMbBgZnnKeFS1Nyxgm5XowlAkEtb1WUYEdfEOe_bXvR0;214;ngao97;22.0;434767.5;276146.6
P18C;SuperViolent;12.0;435204.6;199399.0;MIRAMAR;2U4GBNA0Yml3HEnAb5HSfMbBgZnnKeFS1Nyxgm5XowlAkEtb1WUYEdfEOe_bXvR0;119;14587;27.0;434637.3;199349.3
Mk14;651651646;1.0;367865.8;346982.5;MIRAMAR;2U4GBNA0Yml3HEnAb5HSfMbBgZnnKeFS1Nyxgm5XowlAkEtb1WUYEdfEOe_bXvR0;1135;F4-DWW;5.0;427656.8;352313.9
Mini 14;651651646;1.0;368985.0;288802.7;MIRAMAR;2U4GBNA0Yml3HEnAb5HSfMbBgZnnKeFS1Nyxgm5XowlAkEtb1WUYEdfEOe_bXvR0;826;GUCHUNYU5;6.0;393933.7;384166.6
Grenade;#unknown;3.0;0.0;0.0;MIRAMAR;2U4GBNA0Yml3HEnAb5HSfMbBgZnnKeFS1Nyxgm5XowlAkEtb1WUYEdfEOe_bXvR0;1198;#unknown;3.0;510431.3;426255.4
Punch;leizong725;5.0;159401.3;748228.3;MIRAMAR;2U4GBNA0Yml3HEnAb5HSfMbBgZnnKeFS1Nyxgm5XowlAkEtb1WUYEdfEOe_bXvR0;129;piaoyulingfeng;27.0;0.0;0.0
Mini 14;651651646;1.0;439048.4;277051.5;MIRAMAR;2U4GBNA0Yml3HEnAb5HSfMbBgZnnKeFS1Nyxgm5XowlAkEtb1WUYEdfEOe_bXvR0;458;nainaigeshao;13.0;537675.6;265803.9
Down and Out;651651646;1.0;355255.8;320329.0;MIRAMAR;2U4GBNA0Yml3HEnAb5HSfMbBgZnnKeFS1Nyxgm5XowlAkEtb1WUYEdfEOe_bXvR0;1049;FengShao886;7.0;276280.3;336031.5
Down and Out;651651646;1.0;357862.1;316294.8;MIRAMAR;2U4GBNA0Yml3HEnAb5HSfMbBgZnnKeFS1Nyxgm5XowlAkEtb1WUYEdfEOe_bXvR0;954;YZ--baby;9.0;302725.9;388568.8
Mk14;651651646;1.0;349600.2;343715.6;MIRAMAR;2U4GBNA0Yml3HEnAb5HSfMbBgZnnKeFS1Nyxgm5XowlAkEtb1WUYEdfEOe_bXvR0;1053;MrNhac;8.0;366597.9;424757.6
Down and Out;651651646;1.0;367168.4;347017.9;MIRAMAR;2U4GBNA0Yml3HEnAb5HSfMbBgZnnKeFS1Nyxgm5XowlAkEtb1WUYEdfEOe_bXvR0;1135;leizong725;5.0;427997.6;352348.0
Mk14;651651646;1.0;409258.6;349923.0;MIRAMAR;2U4GBNA0Yml3HEnAb5HSfMbBgZnnKeFS1Nyxgm5XowlAkEtb1WUYEdfEOe_bXvR0;1231;Arthur_qingge;2.0;490124.9;345535.1
Down and Out;#unknown;20.0;436029.6;277425.6;MIRAMAR;2U4GBNA0Yml3HEnAb5HSfMbBgZnnKeFS1Nyxgm5XowlAkEtb1WUYEdfEOe_bXvR0;345;huliruichiji;;436222.8;276604.6
Machete;#unknown;3.0;416759.2;522495.8;MIRAMAR;2U4GBNA0Yml3HEnAb5HSfMbBgZnnKeFS1Nyxgm5XowlAkEtb1WUYEdfEOe_bXvR0;291;dj443;17.0;415468.6;519844.3
Punch;leizong725;5.0;159575.7;746905.2;MIRAMAR;2U4GBNA0Yml3HEnAb5HSfMbBgZnnKeFS1Nyxgm5XowlAkEtb1WUYEdfEOe_bXvR0;135;Elephant_0516;27.0;0.0;0.0
Mini 14;651651646;1.0;368923.2;291673.5;MIRAMAR;2U4GBNA0Yml3HEnAb5HSfMbBgZnnKeFS1Nyxgm5XowlAkEtb1WUYEdfEOe_bXvR0;839;god-xiaotao;6.0;391800.4;381703.0
Mk14;651651646;1.0;427982.3;352783.3;MIRAMAR;2U4GBNA0Yml3HEnAb5HSfMbBgZnnKeFS1Nyxgm5XowlAkEtb1WUYEdfEOe_bXvR0;1287;CHniawansui;2.0;497025.2;338898.2
Down and Out;Dme2626;3.0;427755.1;530466.1;MIRAMAR;2U4GBNA0Yml3HEnAb5HSfMbBgZnnKeFS1Nyxgm5XowlAkEtb1WUYEdfEOe_bXvR0;327;TAKEN585;17.0;427327.5;524542.2
Mini 14;651651646;1.0;438326.3;276866.6;MIRAMAR;2U4GBNA0Yml3HEnAb5HSfMbBgZnnKeFS1Nyxgm5XowlAkEtb1WUYEdfEOe_bXvR0;440;EXT--reme;27.0;400964.7;244159.8
SKS;#unknown;3.0;427291.3;528331.9;MIRAMAR;2U4GBNA0Yml3HEnAb5HSfMbBgZnnKeFS1Nyxgm5XowlAkEtb1WUYEdfEOe_bXvR0;337;SOYIZEI888;17.0;425796.0;525071.3
Mini 14;651651646;1.0;354696.2;320681.8;MIRAMAR;2U4GBNA0Yml3HEnAb5HSfMbBgZnnKeFS1Nyxgm5XowlAkEtb1WUYEdfEOe_bXvR0;968;#unknown;7.0;278331.2;337158.8
Mini 14;651651646;1.0;439048.4;277051.5;MIRAMAR;2U4GBNA0Yml3HEnAb5HSfMbBgZnnKeFS1Nyxgm5XowlAkEtb1WUYEdfEOe_bXvR0;459;Zxiaoji;13.0;537582.9;265643.9
Mini 14;651651646;1.0;356611.6;318301.3;MIRAMAR;2U4GBNA0Yml3HEnAb5HSfMbBgZnnKeFS1Nyxgm5XowlAkEtb1WUYEdfEOe_bXvR0;957;JDchouchang;9.0;302657.2;388297.8
Win94;651651646;1.0;435051.1;277987.2;MIRAMAR;2U4GBNA0Yml3HEnAb5HSfMbBgZnnKeFS1Nyxgm5XowlAkEtb1WUYEdfEOe_bXvR0;392;DOUDOU--BONG;16.0;386367.4;288031.6
Grenade;Guitar18;13.0;534755.5;263761.0;MIRAMAR;2U4GBNA0Yml3HEnAb5HSfMbBgZnnKeFS1Nyxgm5XowlAkEtb1WUYEdfEOe_bXvR0;593;Guitar18;13.0;534755.5;263761.0
Tommy Gun;Limbo_Yamato;8.0;371871.3;443656.2;MIRAMAR;2U4GBNA0Yml3HEnAb5HSfMbBgZnnKeFS1Nyxgm5XowlAkEtb1WUYEdfEOe_bXvR0;288;Wzy_wzzzzzzz;19.0;369983.8;443110.5
M416;#unknown;20.0;439052.2;280409.6;MIRAMAR;2U4GBNA0Yml3HEnAb5HSfMbBgZnnKeFS1Nyxgm5XowlAkEtb1WUYEdfEOe_bXvR0;178;a7-Gg;23.0;438749.1;280713.5
P1911;GGGGhuang;1.0;438874.5;277042.0;MIRAMAR;2U4GBNA0Yml3HEnAb5HSfMbBgZnnKeFS1Nyxgm5XowlAkEtb1WUYEdfEOe_bXvR0;109;#unknown;20.0;438972.5;277455.3
Down and Out;Malcolm_x;9.0;496989.8;312569.7;ERANGEL;2U4GBNA0YmnRe95wOy7kuweIkuZo5Roa0WjNZsgboi2gzzznOC6Y8whI5V4TH5Qm;1035;Relugar;22.0;497385.4;331528.2
M16A4;Malcolm_x;9.0;496989.8;312569.7;ERANGEL;2U4GBNA0YmnRe95wOy7kuweIkuZo5Roa0WjNZsgboi2gzzznOC6Y8whI5V4TH5Qm;1035;LiPoBattery;22.0;497819.4;331981.3
AKM;G_Berg;7.0;460416.7;414748.8;ERANGEL;2U4GBNA0YmnRe95wOy7kuweIkuZo5Roa0WjNZsgboi2gzzznOC6Y8whI5V4TH5Qm;1422;cornsour;16.0;459817.9;414426.3
AKM;Lukesnake17;20.0;488034.1;347220.3;ERANGEL;2U4GBNA0YmnRe95wOy7kuweIkuZo5Roa0WjNZsgboi2gzzznOC6Y8whI5V4TH5Qm;1210;Homebrw;9.0;487444.2;347651.0
SKS;AlooGobi;2.0;501062.9;425078.6;ERANGEL;2U4GBNA0YmnRe95wOy7kuweIkuZo5Roa0WjNZsgboi2gzzznOC6Y8whI5V4TH5Qm;1818;Powfa;3.0;493043.4;434458.1
M416;Powfa;3.0;495501.2;429826.2;ERANGEL;2U4GBNA0YmnRe95wOy7kuweIkuZo5Roa0WjNZsgboi2gzzznOC6Y8whI5V4TH5Qm;1766;kittykat6;6.0;495755.7;438322.0
Down and Out;Snowzcone;44.0;466173.1;642295.2;ERANGEL;2U4GBNA0YmnRe95wOy7kuweIkuZo5Roa0WjNZsgboi2gzzznOC6Y8whI5V4TH5Qm;92;GoochSlapper69;49.0;466214.9;641051.5
M416;DevilBlood35;1.0;512029.6;450259.2;ERANGEL;2U4GBNA0YmnRe95wOy7kuweIkuZo5Roa0WjNZsgboi2gzzznOC6Y8whI5V4TH5Qm;1579;Malcolm_x;9.0;509867.3;437920.8
Down and Out;;;;;ERANGEL;2U4GBNA0YmnRe95wOy7kuweIkuZo5Roa0WjNZsgboi2gzzznOC6Y8whI5V4TH5Qm;1646;Naksam;8.0;475198.1;426731.2
S1897;MaelstromPhoenix;14.0;446553.8;621515.8;ERANGEL;2U4GBNA0YmnRe95wOy7kuweIkuZo5Roa0WjNZsgboi2gzzznOC6Y8whI5V4TH5Qm;105;df434;46.0;446698.3;621034.1
M416;AlooGobi;2.0;503140.7;433313.3;ERANGEL;2U4GBNA0YmnRe95wOy7kuweIkuZo5Roa0WjNZsgboi2gzzznOC6Y8whI5V4TH5Qm;1881;drphildidurmom;3.0;498006.2;437488.8
AKM;SinisterJake;17.0;608792.0;479479.8;ERANGEL;2U4GBNA0YmnRe95wOy7kuweIkuZo5Roa0WjNZsgboi2gzzznOC6Y8whI5V4TH5Qm;405;hunter8888;32.0;608422.8;478874.8
P92;Homebrw;9.0;354734.6;397039.7;ERANGEL;2U4GBNA0YmnRe95wOy7kuweIkuZo5Roa0WjNZsgboi2gzzznOC6Y8whI5V4TH5Qm;279;redevilzz;38.0;353669.1;397544.6
Falling;KnightOfGwyn;1.0;381840.7;424408.4;ERANGEL;2U4GBNA0YmnRe95wOy7kuweIkuZo5Roa0WjNZsgboi2gzzznOC6Y8whI5V4TH5Qm;719;KnightOfGwyn;;381840.7;424408.4
Micro UZI;NoMersee;26.0;337859.9;160601.2;ERANGEL;2U4GBNA0YmnRe95wOy7kuweIkuZo5Roa0WjNZsgboi2gzzznOC6Y8whI5V4TH5Qm;166;k3mple;42.0;339345.6;160269.6
SCAR-L;Price;4.0;425943.7;425374.7;ERANGEL;2U4GBNA0YmnRe95wOy7kuweIkuZo5Roa0WjNZsgboi2gzzznOC6Y8whI5V4TH5Qm;1427;SubliminalKi11;15.0;420891.6;432304.6
SKS;Malcolm_x;9.0;483222.9;345753.8;ERANGEL;2U4GBNA0YmnRe95wOy7kuweIkuZo5Roa0WjNZsgboi2gzzznOC6Y8whI5V4TH5Qm;1320;PapaWink;5.0;462537.2;333383.4
SCAR-L;Price;4.0;426267.9;425472.6;ERANGEL;2U4GBNA0YmnRe95wOy7kuweIkuZo5Roa0WjNZsgboi2gzzznOC6Y8whI5V4TH5Qm;1423;RyanJames92192;15.0;417302.6;431821.8
M416;biubiu_RNG;43.0;451052.9;629640.1;ERANGEL;2U4GBNA0YmnRe95wOy7kuweIkuZo5Roa0WjNZsgboi2gzzznOC6Y8whI5V4TH5Qm;158;Sergiu_1988;37.0;450792.1;629575.1
SCAR-L;DruggyWitHoes;14.0;443493.3;625540.4;ERANGEL;2U4GBNA0YmnRe95wOy7kuweIkuZo5Roa0WjNZsgboi2gzzznOC6Y8whI5V4TH5Qm;358;ImHideOnBush;35.0;443663.6;624165.9
Down and Out;DevilBlood35;1.0;549587.6;594442.8;ERANGEL;2U4GBNA0YmnRe95wOy7kuweIkuZo5Roa0WjNZsgboi2gzzznOC6Y8whI5V4TH5Qm;463;Post-0_0-Malone;31.0;552512.1;594664.4
Tommy Gun;danielH0529;35.0;431516.6;636198.3;ERANGEL;2U4GBNA0YmnRe95wOy7kuweIkuZo5Roa0WjNZsgboi2gzzznOC6Y8whI5V4TH5Qm;89;LIVINTHEPUGLIFE;48.0;433497.2;635122.9
Grenade;danielH0529;35.0;443659.8;623592.1;ERANGEL;2U4GBNA0YmnRe95wOy7kuweIkuZo5Roa0WjNZsgboi2gzzznOC6Y8whI5V4TH5Qm;354;MaelstromPhoenix;14.0;444418.6;624538.6
AKM;XxSWAGFISHxX;16.0;459874.5;415081.1;ERANGEL;2U4GBNA0YmnRe95wOy7kuweIkuZo5Roa0WjNZsgboi2gzzznOC6Y8whI5V4TH5Qm;1359;SinisterJake;17.0;454229.3;425443.1
M16A4;T4GY0URE1T;10.0;418100.5;384076.3;ERANGEL;2U4GBNA0YmnRe95wOy7kuweIkuZo5Roa0WjNZsgboi2gzzznOC6Y8whI5V4TH5Qm;1326;Hemp_Cone;17.0;418285.2;390129.1
Bluezone;;;;;ERANGEL;2U4GBNA0YmnRe95wOy7kuweIkuZo5Roa0WjNZsgboi2gzzznOC6Y8whI5V4TH5Qm;1646;Daggerbooze;8.0;468805.0;430984.8
Punch;MitsuhaSakura;41.0;464406.3;640754.9;ERANGEL;2U4GBNA0YmnRe95wOy7kuweIkuZo5Roa0WjNZsgboi2gzzznOC6Y8whI5V4TH5Qm;92;PutMeInOpTic;49.0;464351.3;640805.6
SCAR-L;Price;4.0;448660.3;446969.6;ERANGEL;2U4GBNA0YmnRe95wOy7kuweIkuZo5Roa0WjNZsgboi2gzzznOC6Y8whI5V4TH5Qm;1514;Diezel420;10.0;449527.3;418707.9
M416;DevilBlood35;1.0;510092.7;437654.8;ERANGEL;2U4GBNA0YmnRe95wOy7kuweIkuZo5Roa0WjNZsgboi2gzzznOC6Y8whI5V4TH5Qm;1802;Price;4.0;505057.9;442163.2
AKM;SinisterJake;17.0;549784.7;455996.3;ERANGEL;2U4GBNA0YmnRe95wOy7kuweIkuZo5Roa0WjNZsgboi2gzzznOC6Y8whI5V4TH5Qm;794;ALEKSERZ;25.0;548009.1;455568.8
Bluezone;;;;;ERANGEL;2U4GBNA0YmnRe95wOy7kuweIkuZo5Roa0WjNZsgboi2gzzznOC6Y8whI5V4TH5Qm;1788;Wildo;4.0;498605.2;442824.2
Down and Out;UnknownJester;1.0;380997.1;424004.4;ERANGEL;2U4GBNA0YmnRe95wOy7kuweIkuZo5Roa0WjNZsgboi2gzzznOC6Y8whI5V4TH5Qm;721;UnknownJester;;380997.1;424004.4
SCAR-L;Price;4.0;442933.5;439911.3;ERANGEL;2U4GBNA0YmnRe95wOy7kuweIkuZo5Roa0WjNZsgboi2gzzznOC6Y8whI5V4TH5Qm;1471;DruggyWitHoes;14.0;450018.6;456286.8
Mini 14;B0nD0k;37.0;446881.4;629891.8;ERANGEL;2U4GBNA0YmnRe95wOy7kuweIkuZo5Roa0WjNZsgboi2gzzznOC6Y8whI5V4TH5Qm;89;2Sick;43.0;446780.2;629792.2
Down and Out;Joki123321;36.0;414960.3;293064.0;ERANGEL;2U4GBNA0YmnRe95wOy7kuweIkuZo5Roa0WjNZsgboi2gzzznOC6Y8whI5V4TH5Qm;221;mdzzcnmlgb;40.0;414813.2;293085.9
AKM;drphildidurmom;3.0;467323.7;369631.3;ERANGEL;2U4GBNA0YmnRe95wOy7kuweIkuZo5Roa0WjNZsgboi2gzzznOC6Y8whI5V4TH5Qm;1100;Extazy_;21.0;469079.2;369980.0
M16A4;ClaudeAuditore;19.0;373596.3;169088.4;ERANGEL;2U4GBNA0YmnRe95wOy7kuweIkuZo5Roa0WjNZsgboi2gzzznOC6Y8whI5V4TH5Qm;723;NoMersee;26.0;369566.1;167941.1
Down and Out;ClaudeAuditore;19.0;374024.1;168617.3;ERANGEL;2U4GBNA0YmnRe95wOy7kuweIkuZo5Roa0WjNZsgboi2gzzznOC6Y8whI5V4TH5Qm;723;TSGxGRAVE;26.0;369965.7;168535.6
Micro UZI;NoMersee;26.0;337938.6;172028.9;ERANGEL;2U4GBNA0YmnRe95wOy7kuweIkuZo5Roa0WjNZsgboi2gzzznOC6Y8whI5V4TH5Qm;230;SavageMonkey;39.0;336816.6;173889.0
M416;DevilBlood35;1.0;504913.5;441667.2;ERANGEL;2U4GBNA0YmnRe95wOy7kuweIkuZo5Roa0WjNZsgboi2gzzznOC6Y8whI5V4TH5Qm;1885;AlooGobi;2.0;503132.6;433288.4
S12K;asfqwfqvw;47.0;432168.4;636683.8;ERANGEL;2U4GBNA0YmnRe95wOy7kuweIkuZo5Roa0WjNZsgboi2gzzznOC6Y8whI5V4TH5Qm;104;TYMOSO;48.0;432251.5;636724.3
SKS;AlooGobi;2.0;445105.6;350414.8;ERANGEL;2U4GBNA0YmnRe95wOy7kuweIkuZo5Roa0WjNZsgboi2gzzznOC6Y8whI5V4TH5Qm;1288;ClaudeAuditore;19.0;447817.6;343075.6
Down and Out;Powfa;3.0;466951.2;369526.6;ERANGEL;2U4GBNA0YmnRe95wOy7kuweIkuZo5Roa0WjNZsgboi2gzzznOC6Y8whI5V4TH5Qm;1100;Sayonara_47;21.0;468927.8;369856.6
S12K;SavageMonkey;39.0;342712.8;173653.6;ERANGEL;2U4GBNA0YmnRe95wOy7kuweIkuZo5Roa0WjNZsgboi2gzzznOC6Y8whI5V4TH5Qm;136;DPainlive;42.0;342536.6;173721.0
Bluezone;;;;;ERANGEL;2U4GBNA0YmnRe95wOy7kuweIkuZo5Roa0WjNZsgboi2gzzznOC6Y8whI5V4TH5Qm;1867;Spacemode;2.0;503327.2;426248.7
UMP9;G_Berg;7.0;410583.5;300929.2;ERANGEL;2U4GBNA0YmnRe95wOy7kuweIkuZo5Roa0WjNZsgboi2gzzznOC6Y8whI5V4TH5Qm;302;Thanatos4;36.0;411233.6;301051.0
SCAR-L;berty69;7.0;460054.8;415165.3;ERANGEL;2U4GBNA0YmnRe95wOy7kuweIkuZo5Roa0WjNZsgboi2gzzznOC6Y8whI5V4TH5Qm;1421;XxSWAGFISHxX;16.0;459861.2;415005.0
Punch;Mr-chen2;28.0;420025.0;642216.0;ERANGEL;2U4GBNA0YmnRe95wOy7kuweIkuZo5Roa0WjNZsgboi2gzzznOC6Y8whI5V4TH5Qm;124;coanm;24.0;420101.6;642250.4
AKM;drphildidurmom;3.0;491049.8;423913.3;ERANGEL;2U4GBNA0YmnRe95wOy7kuweIkuZo5Roa0WjNZsgboi2gzzznOC6Y8whI5V4TH5Qm;1707;berty69;7.0;486227.1;422630.3
Punch;ClaudeAuditore;19.0;364248.1;130731.0;ERANGEL;2U4GBNA0YmnRe95wOy7kuweIkuZo5Roa0WjNZsgboi2gzzznOC6Y8whI5V4TH5Qm;120;CountySiX;38.0;0.0;0.0
Bluezone;;;;;ERANGEL;2U4GBNA0YmnRe95wOy7kuweIkuZo5Roa0WjNZsgboi2gzzznOC6Y8whI5V4TH5Qm;1363;BJByoukiboy;40.0;0.0;0.0
Down and Out;NoMersee;26.0;337554.9;160691.9;ERANGEL;2U4GBNA0YmnRe95wOy7kuweIkuZo5Roa0WjNZsgboi2gzzznOC6Y8whI5V4TH5Qm;230;YoungYamulke;39.0;337866.8;173064.0
UMP9;berty69;7.0;410245.8;302226.6;ERANGEL;2U4GBNA0YmnRe95wOy7kuweIkuZo5Roa0WjNZsgboi2gzzznOC6Y8whI5V4TH5Qm;320;Joki123321;36.0;410241.8;300585.8
Bluezone;;;;;ERANGEL;2U4GBNA0YmnRe95wOy7kuweIkuZo5Roa0WjNZsgboi2gzzznOC6Y8whI5V4TH5Qm;1770;EggoCraigo;5.0;491863.5;436404.9
M416;danielH0529;35.0;444022.6;630713.9;ERANGEL;2U4GBNA0YmnRe95wOy7kuweIkuZo5Roa0WjNZsgboi2gzzznOC6Y8whI5V4TH5Qm;305;B0nD0k;37.0;444324.2;626080.7
Sickle;Sun-aiyou;35.0;362384.9;519014.8;ERANGEL;2U4GBNA0YmnRe95wOy7kuweIkuZo5Roa0WjNZsgboi2gzzznOC6Y8whI5V4TH5Qm;323;ZaneTheCaneYT;35.0;0.0;0.0
UMP9;Powfa;3.0;494339.5;179141.3;ERANGEL;2U4GBNA0YmnRe95wOy7kuweIkuZo5Roa0WjNZsgboi2gzzznOC6Y8whI5V4TH5Qm;592;JoeyDGAS;29.0;494303.5;179715.1
AKM;DevilBlood35;1.0;550328.1;593490.4;ERANGEL;2U4GBNA0YmnRe95wOy7kuweIkuZo5Roa0WjNZsgboi2gzzznOC6Y8whI5V4TH5Qm;463;Small_Shaq;31.0;552685.8;589054.6
AKM;Relugar;22.0;574787.9;381992.4;ERANGEL;2U4GBNA0YmnRe95wOy7kuweIkuZo5Roa0WjNZsgboi2gzzznOC6Y8whI5V4TH5Qm;184;peisinidimaye;25.0;573797.7;382727.6
SCAR-L;UGAT;41.0;456399.2;627075.1;ERANGEL;2U4GBNA0YmnRe95wOy7kuweIkuZo5Roa0WjNZsgboi2gzzznOC6Y8whI5V4TH5Qm;89;SoapLi233;50.0;456790.2;627332.0
Bluezone;Naksam;8.0;474212.0;426607.0;ERANGEL;2U4GBNA0YmnRe95wOy7kuweIkuZo5Roa0WjNZsgboi2gzzznOC6Y8whI5V4TH5Qm;1643;G_Berg;7.0;463202.0;417882.1
Mini 14;G_Berg;7.0;459813.2;415137.4;ERANGEL;2U4GBNA0YmnRe95wOy7kuweIkuZo5Roa0WjNZsgboi2gzzznOC6Y8whI5V4TH5Qm;1578;T4GY0URE1T;10.0;458454.4;422289.8
